system,recall_at_5,ndcg_at_5,mrr,p95_latency_ms
baseline,0.6666666666666666,0.522101220887583,0.4930675805675806,674.4967000267934
automl_tuned,0.8333333333333334,0.6816589138413863,0.6448992852501624,676.2195250339573
